seq_id,tstep_id,action_name
0,0,JumpJack
0,1,JumpJack
0,2,JumpJack
0,3,JumpJack
0,4,JumpJack
0,5,JumpJack
0,6,JumpJack
0,7,JumpJack
0,8,JumpJack
0,9,JumpJack
0,10,JumpJack
0,11,JumpJack
0,12,JumpJack
0,13,JumpJack
0,14,JumpJack
0,15,JumpJack
0,16,JumpJack
0,17,JumpJack
0,18,JumpJack
0,19,JumpJack
0,20,JumpJack
0,21,JumpJack
0,22,JumpJack
0,23,JumpJack
0,24,JumpJack
0,25,JumpJack
0,26,JumpJack
0,27,JumpJack
0,28,JumpJack
0,29,JumpJack
0,30,JumpJack
0,31,JumpJack
0,32,JumpJack
0,33,JumpJack
0,34,JumpJack
0,35,JumpJack
0,36,JumpJack
0,37,JumpJack
0,38,Twist
0,39,Twist
0,40,Twist
0,41,Twist
0,42,Twist
0,43,Twist
0,44,Twist
0,45,Twist
0,46,Twist
0,47,Twist
0,48,Twist
0,49,Twist
0,50,Twist
0,51,Twist
0,52,Twist
0,53,Twist
0,54,Twist
0,55,Twist
0,56,Twist
0,57,Twist
0,58,Twist
0,59,Twist
0,60,Twist
0,61,Twist
0,62,Twist
0,63,Twist
0,64,Twist
0,65,Twist
0,66,Twist
0,67,Twist
0,68,Twist
0,69,Twist
0,70,Twist
0,71,Twist
0,72,Twist
0,73,Twist
0,74,Twist
0,75,Twist
0,76,Twist
0,77,Twist
0,78,Twist
0,79,Twist
0,80,Twist
0,81,Twist
0,82,Twist
0,83,Twist
0,84,Twist
0,85,Twist
0,86,Twist
0,87,Twist
0,88,Twist
0,89,Twist
0,90,Twist
0,91,Twist
0,92,Twist
0,93,Twist
0,94,Twist
0,95,Twist
0,96,Twist
0,97,Twist
0,98,Twist
0,99,Twist
0,100,ArmCircle
0,101,ArmCircle
0,102,ArmCircle
0,103,ArmCircle
0,104,ArmCircle
0,105,ArmCircle
0,106,ArmCircle
0,107,ArmCircle
0,108,ArmCircle
0,109,ArmCircle
0,110,ArmCircle
0,111,ArmCircle
0,112,ArmCircle
0,113,ArmCircle
0,114,ArmCircle
0,115,ArmCircle
0,116,ArmCircle
0,117,ArmCircle
0,118,ArmCircle
0,119,ArmCircle
0,120,ArmCircle
0,121,ArmCircle
0,122,ArmCircle
0,123,ArmCircle
0,124,ArmCircle
0,125,ArmCircle
0,126,ArmCircle
0,127,ArmCircle
0,128,ArmCircle
0,129,ArmCircle
0,130,ArmCircle
0,131,ArmCircle
0,132,ArmCircle
0,133,ArmCircle
0,134,ArmCircle
0,135,ArmCircle
0,136,ArmCircle
0,137,ArmCircle
0,138,ArmCircle
0,139,ArmCircle
0,140,ArmCircle
0,141,ArmCircle
0,142,ArmCircle
0,143,ArmCircle
0,144,ArmCircle
0,145,ArmCircle
0,146,ArmCircle
0,147,ArmCircle
0,148,ArmCircle
0,149,ArmCircle
0,150,ArmCircle
0,151,ArmCircle
0,152,ArmCircle
0,153,ArmCircle
0,154,ArmCircle
0,155,ArmCircle
0,156,ArmCircle
0,157,ArmCircle
0,158,ArmCircle
0,159,ToeTouchOneHand
0,160,ToeTouchOneHand
0,161,ToeTouchOneHand
0,162,ToeTouchOneHand
0,163,ToeTouchOneHand
0,164,ToeTouchOneHand
0,165,ToeTouchOneHand
0,166,ToeTouchOneHand
0,167,ToeTouchOneHand
0,168,ToeTouchOneHand
0,169,ToeTouchOneHand
0,170,ToeTouchOneHand
0,171,ToeTouchOneHand
0,172,ToeTouchOneHand
0,173,ToeTouchOneHand
0,174,ToeTouchOneHand
0,175,ToeTouchOneHand
0,176,ToeTouchOneHand
0,177,ToeTouchOneHand
0,178,ToeTouchOneHand
0,179,ToeTouchOneHand
0,180,ToeTouchOneHand
0,181,ToeTouchOneHand
0,182,ToeTouchOneHand
0,183,ToeTouchOneHand
0,184,ToeTouchOneHand
0,185,ToeTouchOneHand
0,186,ToeTouchOneHand
0,187,ToeTouchOneHand
0,188,ToeTouchOneHand
0,189,ToeTouchOneHand
0,190,ToeTouchOneHand
0,191,ToeTouchOneHand
0,192,ToeTouchOneHand
0,193,ToeTouchOneHand
0,194,ToeTouchOneHand
0,195,ToeTouchOneHand
0,196,ToeTouchOneHand
0,197,ToeTouchOneHand
0,198,ToeTouchOneHand
0,199,ToeTouchOneHand
0,200,ToeTouchOneHand
0,201,ToeTouchOneHand
0,202,ToeTouchOneHand
0,203,ToeTouchOneHand
0,204,ToeTouchOneHand
0,205,ToeTouchOneHand
0,206,ToeTouchOneHand
0,207,ToeTouchOneHand
0,208,ToeTouchOneHand
0,209,ToeTouchOneHand
0,210,ToeTouchOneHand
0,211,ToeTouchOneHand
0,212,ToeTouchOneHand
0,213,ToeTouchOneHand
0,214,ToeTouchOneHand
0,215,ToeTouchOneHand
0,216,ToeTouchOneHand
0,217,ToeTouchOneHand
0,218,ToeTouchOneHand
0,219,ToeTouchOneHand
0,220,ToeTouchOneHand
0,221,ToeTouchOneHand
0,222,ToeTouchOneHand
0,223,ToeTouchOneHand
0,224,KneeRaise
0,225,KneeRaise
0,226,KneeRaise
0,227,KneeRaise
0,228,KneeRaise
0,229,KneeRaise
0,230,KneeRaise
0,231,KneeRaise
0,232,KneeRaise
0,233,KneeRaise
0,234,KneeRaise
0,235,KneeRaise
0,236,KneeRaise
0,237,KneeRaise
0,238,KneeRaise
0,239,KneeRaise
0,240,KneeRaise
0,241,KneeRaise
0,242,KneeRaise
0,243,KneeRaise
0,244,KneeRaise
0,245,KneeRaise
0,246,KneeRaise
0,247,KneeRaise
0,248,KneeRaise
0,249,KneeRaise
0,250,KneeRaise
0,251,KneeRaise
0,252,KneeRaise
0,253,KneeRaise
0,254,KneeRaise
0,255,KneeRaise
0,256,KneeRaise
0,257,KneeRaise
0,258,KneeRaise
0,259,KneeRaise
0,260,KneeRaise
0,261,KneeRaise
0,262,KneeRaise
0,263,KneeRaise
0,264,KneeRaise
0,265,KneeRaise
0,266,KneeRaise
0,267,KneeRaise
0,268,KneeRaise
0,269,KneeRaise
0,270,KneeRaise
0,271,KneeRaise
0,272,KneeRaise
0,273,KneeRaise
0,274,KneeRaise
0,275,KneeRaise
0,276,KneeRaise
0,277,KneeRaise
0,278,KneeRaise
0,279,KneeRaise
0,280,KneeRaise
0,281,KneeRaise
0,282,KneeRaise
0,283,KneeRaise
0,284,KneeRaise
0,285,KneeRaise
0,286,KneeRaise
0,287,KneeRaise
0,288,KneeRaise
0,289,KneeRaise
0,290,KneeRaise
0,291,KneeRaise
0,292,KneeRaise
0,293,KneeRaise
0,294,KneeRaise
0,295,KneeRaise
0,296,KneeRaise
0,297,KneeRaise
0,298,KneeRaise
0,299,KneeRaise
0,300,KneeRaise
0,301,KneeRaise
0,302,KneeRaise
0,303,KneeRaise
0,304,KneeRaise
0,305,KneeRaise
0,306,KneeRaise
0,307,KneeRaise
0,308,KneeRaise
0,309,KneeRaise
0,310,KneeRaise
0,311,KneeRaise
0,312,KneeRaise
0,313,KneeRaise
0,314,KneeRaise
0,315,KneeRaise
0,316,Squat
0,317,Squat
0,318,Squat
0,319,Squat
0,320,Squat
0,321,Squat
0,322,Squat
0,323,Squat
0,324,Squat
0,325,Squat
0,326,Squat
0,327,Squat
0,328,Squat
0,329,Squat
0,330,Squat
0,331,Squat
0,332,Squat
0,333,Squat
0,334,Squat
0,335,Squat
0,336,Squat
0,337,Squat
0,338,Squat
0,339,Squat
0,340,Squat
0,341,Squat
0,342,Squat
0,343,Squat
0,344,Squat
0,345,Squat
0,346,Squat
0,347,Squat
0,348,Squat
0,349,Squat
0,350,Squat
0,351,Squat
0,352,Squat
0,353,Squat
0,354,Squat
0,355,Squat
0,356,Squat
0,357,Squat
0,358,Squat
0,359,Squat
0,360,Squat
0,361,Squat
0,362,Squat
0,363,Squat
0,364,Squat
0,365,Squat
0,366,Squat
0,367,Squat
0,368,Squat
0,369,Squat
0,370,Squat
0,371,Squat
0,372,Squat
0,373,Squat
0,374,Squat
0,375,Squat
0,376,Squat
0,377,Squat
0,378,Squat
0,379,Squat
0,380,Squat
0,381,Squat
1,0,JumpJack
1,1,JumpJack
1,2,JumpJack
1,3,JumpJack
1,4,JumpJack
1,5,JumpJack
1,6,JumpJack
1,7,JumpJack
1,8,JumpJack
1,9,JumpJack
1,10,JumpJack
1,11,JumpJack
1,12,JumpJack
1,13,JumpJack
1,14,JumpJack
1,15,JumpJack
1,16,JumpJack
1,17,Twist
1,18,Twist
1,19,Twist
1,20,Twist
1,21,Twist
1,22,Twist
1,23,Twist
1,24,Twist
1,25,Twist
1,26,Twist
1,27,Twist
1,28,Twist
1,29,Twist
1,30,Twist
1,31,Twist
1,32,Twist
1,33,Twist
1,34,Twist
1,35,Twist
1,36,Twist
1,37,Twist
1,38,Twist
1,39,Twist
1,40,Twist
1,41,Twist
1,42,Twist
1,43,Twist
1,44,Twist
1,45,Twist
1,46,Twist
1,47,Twist
1,48,Twist
1,49,Twist
1,50,Twist
1,51,Twist
1,52,Twist
1,53,Twist
1,54,Twist
1,55,Twist
1,56,Twist
1,57,Twist
1,58,Twist
1,59,Twist
1,60,Twist
1,61,Twist
1,62,Twist
1,63,Twist
1,64,Twist
1,65,Twist
1,66,KneeRaise
1,67,KneeRaise
1,68,KneeRaise
1,69,KneeRaise
1,70,KneeRaise
1,71,KneeRaise
1,72,KneeRaise
1,73,KneeRaise
1,74,KneeRaise
1,75,KneeRaise
1,76,KneeRaise
1,77,KneeRaise
1,78,KneeRaise
1,79,KneeRaise
1,80,KneeRaise
1,81,KneeRaise
1,82,KneeRaise
1,83,KneeRaise
1,84,KneeRaise
1,85,KneeRaise
1,86,KneeRaise
1,87,KneeRaise
1,88,KneeRaise
1,89,KneeRaise
1,90,KneeRaise
1,91,KneeRaise
1,92,KneeRaise
1,93,KneeRaise
1,94,KneeRaise
1,95,KneeRaise
1,96,KneeRaise
1,97,KneeRaise
1,98,KneeRaise
1,99,KneeRaise
1,100,KneeRaise
1,101,KneeRaise
1,102,KneeRaise
1,103,KneeRaise
1,104,KneeRaise
1,105,KneeRaise
1,106,KneeRaise
1,107,KneeRaise
1,108,KneeRaise
1,109,KneeRaise
1,110,KneeRaise
1,111,KneeRaise
1,112,KneeRaise
1,113,KneeRaise
1,114,KneeRaise
1,115,KneeRaise
1,116,KneeRaise
1,117,Squat
1,118,Squat
1,119,Squat
1,120,Squat
1,121,Squat
1,122,Squat
1,123,Squat
1,124,Squat
1,125,Squat
1,126,Squat
1,127,Squat
1,128,Squat
1,129,Squat
1,130,Squat
1,131,Squat
1,132,Squat
1,133,Squat
1,134,Squat
1,135,Squat
1,136,Squat
1,137,Squat
1,138,Squat
1,139,Squat
1,140,Squat
1,141,Squat
1,142,Squat
1,143,Squat
1,144,Squat
1,145,Squat
1,146,Squat
1,147,Squat
1,148,Squat
1,149,Squat
1,150,Squat
1,151,Squat
1,152,Squat
1,153,Squat
1,154,Squat
1,155,Squat
1,156,Squat
1,157,Squat
1,158,Squat
1,159,Squat
1,160,Jog
1,161,Jog
1,162,Jog
1,163,Jog
1,164,Jog
1,165,Jog
1,166,Jog
1,167,Jog
1,168,Jog
1,169,Jog
1,170,Jog
1,171,Jog
1,172,Jog
1,173,Jog
1,174,Jog
1,175,Jog
1,176,Jog
1,177,Jog
1,178,Jog
1,179,Jog
1,180,Jog
1,181,Jog
1,182,Jog
1,183,Jog
1,184,Jog
1,185,Jog
1,186,Jog
1,187,Jog
1,188,Jog
1,189,Jog
1,190,Jog
1,191,Jog
1,192,Jog
1,193,Jog
1,194,Jog
1,195,Jog
1,196,Jog
1,197,Jog
1,198,Jog
1,199,Jog
1,200,Jog
1,201,Jog
1,202,Jog
1,203,Jog
1,204,Jog
2,0,Twist
2,1,Twist
2,2,Twist
2,3,Twist
2,4,Twist
2,5,Twist
2,6,Twist
2,7,Twist
2,8,Twist
2,9,Twist
2,10,Twist
2,11,Twist
2,12,Twist
2,13,Twist
2,14,Twist
2,15,Twist
2,16,Twist
2,17,Twist
2,18,Twist
2,19,Twist
2,20,Twist
2,21,Twist
2,22,Twist
2,23,Twist
2,24,Twist
2,25,Twist
2,26,Twist
2,27,Twist
2,28,Twist
2,29,Twist
2,30,Twist
2,31,Twist
2,32,KneeRaise
2,33,KneeRaise
2,34,KneeRaise
2,35,KneeRaise
2,36,KneeRaise
2,37,KneeRaise
2,38,KneeRaise
2,39,KneeRaise
2,40,KneeRaise
2,41,KneeRaise
2,42,KneeRaise
2,43,KneeRaise
2,44,KneeRaise
2,45,KneeRaise
2,46,KneeRaise
2,47,KneeRaise
2,48,KneeRaise
2,49,KneeRaise
2,50,KneeRaise
2,51,KneeRaise
2,52,KneeRaise
2,53,KneeRaise
2,54,KneeRaise
2,55,KneeRaise
2,56,KneeRaise
2,57,KneeRaise
2,58,KneeRaise
2,59,KneeRaise
2,60,KneeRaise
2,61,KneeRaise
2,62,KneeRaise
2,63,KneeRaise
2,64,KneeRaise
2,65,KneeRaise
2,66,KneeRaise
2,67,KneeRaise
2,68,KneeRaise
2,69,KneeRaise
2,70,KneeRaise
2,71,KneeRaise
2,72,KneeRaise
2,73,KneeRaise
2,74,KneeRaise
2,75,KneeRaise
2,76,KneeRaise
2,77,KneeRaise
2,78,KneeRaise
2,79,KneeRaise
2,80,KneeRaise
2,81,ToeTouchOneHand
2,82,ToeTouchOneHand
2,83,ToeTouchOneHand
2,84,ToeTouchOneHand
2,85,ToeTouchOneHand
2,86,ToeTouchOneHand
2,87,ToeTouchOneHand
2,88,ToeTouchOneHand
2,89,ToeTouchOneHand
2,90,ToeTouchOneHand
2,91,ToeTouchOneHand
2,92,ToeTouchOneHand
2,93,ToeTouchOneHand
2,94,ToeTouchOneHand
2,95,ToeTouchOneHand
2,96,ToeTouchOneHand
2,97,ToeTouchOneHand
2,98,ToeTouchOneHand
2,99,ToeTouchOneHand
2,100,ToeTouchOneHand
2,101,ToeTouchOneHand
2,102,ToeTouchOneHand
2,103,ToeTouchOneHand
2,104,ToeTouchOneHand
2,105,ToeTouchOneHand
2,106,ToeTouchOneHand
2,107,ToeTouchOneHand
2,108,ToeTouchOneHand
2,109,ToeTouchOneHand
2,110,ToeTouchOneHand
2,111,ToeTouchOneHand
2,112,ToeTouchOneHand
2,113,ToeTouchOneHand
2,114,ToeTouchOneHand
2,115,Twist
2,116,Twist
2,117,Twist
2,118,Twist
2,119,Twist
2,120,Twist
2,121,Twist
2,122,Twist
2,123,Twist
2,124,Twist
2,125,Twist
2,126,Twist
2,127,Twist
2,128,Twist
2,129,Twist
2,130,Twist
2,131,Twist
2,132,Twist
2,133,Jog
2,134,Jog
2,135,Jog
2,136,Jog
2,137,Jog
2,138,Jog
2,139,Jog
2,140,Jog
2,141,Jog
2,142,Jog
2,143,Jog
2,144,Jog
2,145,Jog
2,146,Jog
2,147,Jog
2,148,Jog
2,149,Jog
2,150,Jog
2,151,Jog
2,152,Jog
2,153,Jog
2,154,Jog
2,155,Jog
2,156,Jog
2,157,Jog
2,158,Jog
2,159,Jog
2,160,Jog
2,161,Jog
2,162,Jog
2,163,Jog
2,164,Jog
2,165,Jog
2,166,Jog
2,167,Jog
2,168,Jog
2,169,Jog
2,170,ArmCircle
2,171,ArmCircle
2,172,ArmCircle
2,173,ArmCircle
2,174,ArmCircle
2,175,ArmCircle
2,176,ArmCircle
2,177,ArmCircle
2,178,ArmCircle
2,179,ArmCircle
2,180,ArmCircle
2,181,ArmCircle
2,182,ArmCircle
2,183,ArmCircle
2,184,ArmCircle
2,185,ArmCircle
2,186,ArmCircle
2,187,ArmCircle
2,188,ArmCircle
2,189,ArmCircle
2,190,ArmCircle
2,191,ArmCircle
2,192,ArmCircle
2,193,ArmCircle
2,194,ArmCircle
2,195,ArmCircle
2,196,ArmCircle
2,197,ArmCircle
2,198,ArmCircle
2,199,ArmCircle
2,200,ArmCircle
2,201,ArmCircle
2,202,ArmCircle
2,203,ArmCircle
2,204,ArmCircle
2,205,ArmCircle
2,206,ArmCircle
2,207,ArmCircle
2,208,ArmCircle
2,209,ArmCircle
2,210,ArmCircle
2,211,ArmCircle
2,212,ArmCircle
2,213,ArmCircle
2,214,ArmCircle
2,215,ArmCircle
2,216,ArmCircle
2,217,ArmCircle
2,218,ArmCircle
2,219,ArmCircle
2,220,ArmCircle
2,221,ArmCircle
2,222,ArmCircle
2,223,ArmCircle
2,224,ArmCircle
2,225,ArmCircle
2,226,JumpJack
2,227,JumpJack
2,228,JumpJack
2,229,JumpJack
2,230,JumpJack
2,231,JumpJack
2,232,JumpJack
2,233,JumpJack
2,234,JumpJack
2,235,JumpJack
2,236,JumpJack
2,237,JumpJack
2,238,JumpJack
2,239,JumpJack
2,240,JumpJack
2,241,JumpJack
2,242,JumpJack
2,243,JumpJack
2,244,JumpJack
2,245,JumpJack
2,246,JumpJack
2,247,JumpJack
2,248,JumpJack
2,249,JumpJack
2,250,JumpJack
3,0,JumpJack
3,1,JumpJack
3,2,JumpJack
3,3,JumpJack
3,4,JumpJack
3,5,JumpJack
3,6,JumpJack
3,7,JumpJack
3,8,JumpJack
3,9,JumpJack
3,10,JumpJack
3,11,JumpJack
3,12,JumpJack
3,13,JumpJack
3,14,JumpJack
3,15,JumpJack
3,16,JumpJack
3,17,JumpJack
3,18,JumpJack
3,19,JumpJack
3,20,JumpJack
3,21,JumpJack
3,22,JumpJack
3,23,JumpJack
3,24,JumpJack
3,25,JumpJack
3,26,JumpJack
3,27,JumpJack
3,28,JumpJack
3,29,JumpJack
3,30,JumpJack
3,31,JumpJack
3,32,JumpJack
3,33,JumpJack
3,34,JumpJack
3,35,Jog
3,36,Jog
3,37,Jog
3,38,Jog
3,39,Jog
3,40,Jog
3,41,Jog
3,42,Jog
3,43,Jog
3,44,Jog
3,45,Jog
3,46,Jog
3,47,Jog
3,48,Jog
3,49,Jog
3,50,Jog
3,51,Jog
3,52,Jog
3,53,Jog
3,54,Jog
3,55,Jog
3,56,Jog
3,57,Jog
3,58,Jog
3,59,Jog
3,60,Jog
3,61,Jog
3,62,Jog
3,63,Jog
3,64,Jog
3,65,Jog
3,66,Jog
3,67,Jog
3,68,Jog
3,69,Jog
3,70,Jog
3,71,Jog
3,72,Jog
3,73,Jog
3,74,Jog
3,75,Jog
3,76,Jog
3,77,Jog
3,78,Jog
3,79,Jog
3,80,Jog
3,81,Jog
3,82,Jog
3,83,Jog
3,84,Squat
3,85,Squat
3,86,Squat
3,87,Squat
3,88,Squat
3,89,Squat
3,90,Squat
3,91,Squat
3,92,Squat
3,93,Squat
3,94,Squat
3,95,Squat
3,96,Squat
3,97,Squat
3,98,Squat
3,99,Squat
3,100,Squat
3,101,Squat
3,102,Squat
3,103,Squat
3,104,Squat
3,105,Squat
3,106,Squat
3,107,Squat
3,108,Squat
3,109,Squat
3,110,Squat
3,111,Squat
3,112,Squat
3,113,Squat
3,114,Squat
3,115,Squat
3,116,Squat
3,117,Squat
3,118,Squat
3,119,Squat
3,120,Squat
3,121,Squat
3,122,Squat
3,123,Squat
3,124,Squat
3,125,Squat
3,126,Squat
3,127,Squat
3,128,Squat
3,129,Squat
3,130,Squat
3,131,KneeRaise
3,132,KneeRaise
3,133,KneeRaise
3,134,KneeRaise
3,135,KneeRaise
3,136,KneeRaise
3,137,KneeRaise
3,138,KneeRaise
3,139,KneeRaise
3,140,KneeRaise
3,141,KneeRaise
3,142,KneeRaise
3,143,KneeRaise
3,144,KneeRaise
3,145,KneeRaise
3,146,KneeRaise
3,147,KneeRaise
3,148,KneeRaise
3,149,KneeRaise
3,150,KneeRaise
3,151,KneeRaise
3,152,KneeRaise
3,153,KneeRaise
3,154,KneeRaise
3,155,KneeRaise
3,156,KneeRaise
3,157,KneeRaise
3,158,KneeRaise
3,159,KneeRaise
3,160,KneeRaise
3,161,KneeRaise
3,162,KneeRaise
3,163,KneeRaise
3,164,KneeRaise
3,165,KneeRaise
3,166,KneeRaise
3,167,KneeRaise
3,168,KneeRaise
3,169,KneeRaise
3,170,KneeRaise
3,171,KneeRaise
3,172,KneeRaise
3,173,KneeRaise
3,174,KneeRaise
3,175,KneeRaise
3,176,KneeRaise
3,177,KneeRaise
3,178,KneeRaise
3,179,KneeRaise
3,180,KneeRaise
3,181,KneeRaise
3,182,KneeRaise
3,183,KneeRaise
3,184,KneeRaise
3,185,KneeRaise
3,186,KneeRaise
3,187,KneeRaise
3,188,KneeRaise
3,189,KneeRaise
3,190,KneeRaise
3,191,KneeRaise
3,192,KneeRaise
3,193,KneeRaise
3,194,KneeRaise
3,195,SideBend
3,196,SideBend
3,197,SideBend
3,198,SideBend
3,199,SideBend
3,200,SideBend
3,201,SideBend
3,202,SideBend
3,203,SideBend
3,204,SideBend
3,205,SideBend
3,206,SideBend
3,207,SideBend
3,208,SideBend
3,209,SideBend
3,210,SideBend
3,211,SideBend
3,212,SideBend
3,213,SideBend
3,214,SideBend
3,215,SideBend
3,216,SideBend
3,217,SideBend
3,218,SideBend
3,219,SideBend
3,220,SideBend
3,221,SideBend
3,222,SideBend
3,223,SideBend
3,224,SideBend
3,225,SideBend
3,226,SideBend
3,227,SideBend
3,228,SideBend
3,229,SideBend
3,230,SideBend
3,231,SideBend
3,232,SideBend
3,233,SideBend
3,234,SideBend
3,235,SideBend
3,236,SideBend
3,237,SideBend
3,238,SideBend
3,239,SideBend
3,240,SideBend
3,241,SideBend
3,242,SideBend
3,243,SideBend
3,244,SideBend
3,245,SideBend
3,246,SideBend
3,247,SideBend
3,248,SideBend
3,249,SideBend
3,250,SideBend
3,251,SideBend
3,252,SideBend
3,253,SideBend
3,254,SideBend
3,255,SideBend
3,256,SideBend
3,257,SideBend
3,258,SideBend
3,259,SideBend
3,260,SideBend
3,261,SideReach
3,262,SideReach
3,263,SideReach
3,264,SideReach
3,265,SideReach
3,266,SideReach
3,267,SideReach
3,268,SideReach
3,269,SideReach
3,270,SideReach
3,271,SideReach
3,272,SideReach
3,273,SideReach
3,274,SideReach
3,275,SideReach
3,276,SideReach
3,277,SideReach
3,278,SideReach
3,279,SideReach
3,280,SideReach
3,281,SideReach
3,282,SideReach
3,283,SideReach
3,284,SideReach
3,285,SideReach
3,286,SideReach
3,287,SideReach
3,288,SideReach
3,289,SideReach
3,290,SideReach
3,291,SideReach
3,292,SideReach
3,293,SideReach
3,294,SideReach
3,295,SideReach
3,296,SideReach
3,297,SideReach
3,298,SideReach
3,299,SideReach
3,300,SideReach
3,301,SideReach
3,302,SideReach
3,303,SideReach
3,304,SideReach
3,305,SideReach
3,306,SideReach
3,307,SideReach
3,308,SideReach
3,309,Twist
3,310,Twist
3,311,Twist
3,312,Twist
3,313,Twist
3,314,Twist
3,315,Twist
3,316,Twist
3,317,Twist
3,318,Twist
3,319,Twist
3,320,Twist
3,321,Twist
3,322,Twist
3,323,Twist
3,324,Twist
3,325,Twist
3,326,Twist
3,327,Twist
3,328,Twist
3,329,Twist
3,330,Twist
3,331,Twist
3,332,Twist
3,333,Twist
3,334,Twist
3,335,Twist
3,336,Twist
3,337,Twist
3,338,Twist
3,339,Twist
3,340,Twist
3,341,Twist
3,342,Twist
3,343,Twist
3,344,Twist
3,345,Twist
3,346,Twist
3,347,Twist
3,348,Twist
3,349,Twist
3,350,Twist
3,351,Twist
3,352,Twist
3,353,Twist
3,354,Twist
3,355,Twist
3,356,Twist
3,357,Twist
3,358,Twist
3,359,Twist
3,360,Twist
3,361,Twist
3,362,Twist
3,363,Twist
3,364,Twist
3,365,Twist
3,366,Twist
3,367,Twist
3,368,Twist
3,369,Twist
3,370,Twist
3,371,Twist
3,372,Twist
3,373,Twist
3,374,Box
3,375,Box
3,376,Box
3,377,Box
3,378,Box
3,379,Box
3,380,Box
3,381,Box
3,382,Box
3,383,Box
3,384,Box
3,385,Box
3,386,Box
3,387,Box
3,388,Box
3,389,Box
3,390,Box
3,391,Box
3,392,Box
3,393,Box
3,394,Box
3,395,Box
3,396,Box
3,397,Box
3,398,Box
3,399,Box
3,400,Box
3,401,Box
3,402,Box
3,403,Box
3,404,Box
3,405,Box
3,406,Box
3,407,Box
3,408,Box
3,409,Box
3,410,Box
3,411,Box
3,412,Box
3,413,Box
3,414,Box
3,415,Box
3,416,Box
3,417,Box
3,418,Box
3,419,Box
3,420,Box
3,421,Box
3,422,Box
3,423,Box
3,424,Box
3,425,Box
3,426,Box
3,427,Box
3,428,Box
3,429,Box
3,430,Box
3,431,Box
3,432,Box
3,433,Box
3,434,Box
3,435,Box
3,436,Box
3,437,Box
3,438,Box
3,439,Box
3,440,Box
3,441,Box
3,442,Box
3,443,Box
3,444,Box
3,445,Box
4,0,JumpJack
4,1,JumpJack
4,2,JumpJack
4,3,JumpJack
4,4,JumpJack
4,5,JumpJack
4,6,JumpJack
4,7,JumpJack
4,8,JumpJack
4,9,JumpJack
4,10,JumpJack
4,11,JumpJack
4,12,JumpJack
4,13,JumpJack
4,14,JumpJack
4,15,JumpJack
4,16,JumpJack
4,17,JumpJack
4,18,JumpJack
4,19,JumpJack
4,20,JumpJack
4,21,JumpJack
4,22,JumpJack
4,23,JumpJack
4,24,JumpJack
4,25,JumpJack
4,26,JumpJack
4,27,JumpJack
4,28,JumpJack
4,29,JumpJack
4,30,JumpJack
4,31,JumpJack
4,32,JumpJack
4,33,JumpJack
4,34,JumpJack
4,35,JumpJack
4,36,JumpJack
4,37,Jog
4,38,Jog
4,39,Jog
4,40,Jog
4,41,Jog
4,42,Jog
4,43,Jog
4,44,Jog
4,45,Jog
4,46,Jog
4,47,Jog
4,48,Jog
4,49,Jog
4,50,Jog
4,51,Jog
4,52,Jog
4,53,Jog
4,54,Jog
4,55,Jog
4,56,Jog
4,57,Jog
4,58,Jog
4,59,Jog
4,60,Jog
4,61,Jog
4,62,Jog
4,63,Jog
4,64,Jog
4,65,Jog
4,66,Jog
4,67,Jog
4,68,Jog
4,69,Jog
4,70,Jog
4,71,Jog
4,72,Jog
4,73,Jog
4,74,Jog
4,75,Jog
4,76,Jog
4,77,Jog
4,78,Jog
4,79,Jog
4,80,Jog
4,81,Jog
4,82,Jog
4,83,Jog
4,84,Jog
4,85,Jog
4,86,Squat
4,87,Squat
4,88,Squat
4,89,Squat
4,90,Squat
4,91,Squat
4,92,Squat
4,93,Squat
4,94,Squat
4,95,Squat
4,96,Squat
4,97,Squat
4,98,Squat
4,99,Squat
4,100,Squat
4,101,Squat
4,102,Squat
4,103,Squat
4,104,Squat
4,105,Squat
4,106,Squat
4,107,Squat
4,108,Squat
4,109,Squat
4,110,Squat
4,111,Squat
4,112,Squat
4,113,Squat
4,114,Squat
4,115,Squat
4,116,Squat
4,117,Squat
4,118,Squat
4,119,Squat
4,120,Squat
4,121,Squat
4,122,Squat
4,123,Squat
4,124,Squat
4,125,Squat
4,126,Squat
4,127,Squat
4,128,Squat
4,129,Squat
4,130,Squat
4,131,Squat
4,132,Squat
4,133,KneeRaise
4,134,KneeRaise
4,135,KneeRaise
4,136,KneeRaise
4,137,KneeRaise
4,138,KneeRaise
4,139,KneeRaise
4,140,KneeRaise
4,141,KneeRaise
4,142,KneeRaise
4,143,KneeRaise
4,144,KneeRaise
4,145,KneeRaise
4,146,KneeRaise
4,147,KneeRaise
4,148,KneeRaise
4,149,KneeRaise
4,150,KneeRaise
4,151,KneeRaise
4,152,KneeRaise
4,153,KneeRaise
4,154,KneeRaise
4,155,KneeRaise
4,156,KneeRaise
4,157,KneeRaise
4,158,KneeRaise
4,159,KneeRaise
4,160,KneeRaise
4,161,KneeRaise
4,162,KneeRaise
4,163,KneeRaise
4,164,KneeRaise
4,165,KneeRaise
4,166,KneeRaise
4,167,KneeRaise
4,168,KneeRaise
4,169,KneeRaise
4,170,KneeRaise
4,171,KneeRaise
4,172,KneeRaise
4,173,KneeRaise
4,174,KneeRaise
4,175,KneeRaise
4,176,KneeRaise
4,177,KneeRaise
4,178,KneeRaise
4,179,KneeRaise
4,180,KneeRaise
4,181,KneeRaise
4,182,KneeRaise
4,183,KneeRaise
4,184,KneeRaise
4,185,KneeRaise
4,186,KneeRaise
4,187,KneeRaise
4,188,KneeRaise
4,189,ArmCircle
4,190,ArmCircle
4,191,ArmCircle
4,192,ArmCircle
4,193,ArmCircle
4,194,ArmCircle
4,195,ArmCircle
4,196,ArmCircle
4,197,ArmCircle
4,198,ArmCircle
4,199,ArmCircle
4,200,ArmCircle
4,201,ArmCircle
4,202,ArmCircle
4,203,ArmCircle
4,204,ArmCircle
4,205,ArmCircle
4,206,ArmCircle
4,207,ArmCircle
4,208,ArmCircle
4,209,ArmCircle
4,210,ArmCircle
4,211,ArmCircle
4,212,ArmCircle
4,213,ArmCircle
4,214,ArmCircle
4,215,ArmCircle
4,216,ArmCircle
4,217,ArmCircle
4,218,ArmCircle
4,219,ArmCircle
4,220,ArmCircle
4,221,ArmCircle
4,222,ArmCircle
4,223,ArmCircle
4,224,ArmCircle
4,225,ArmCircle
4,226,ArmCircle
4,227,ArmCircle
4,228,ArmCircle
4,229,ArmCircle
4,230,ArmCircle
4,231,ArmCircle
4,232,ArmCircle
4,233,ArmCircle
4,234,ArmCircle
4,235,ArmCircle
4,236,ArmCircle
4,237,ArmCircle
4,238,ArmCircle
4,239,ArmCircle
4,240,ArmCircle
4,241,ArmCircle
4,242,ArmCircle
4,243,ArmCircle
4,244,ArmCircle
4,245,ArmCircle
4,246,ArmCircle
4,247,ArmCircle
4,248,ArmCircle
4,249,ArmCircle
4,250,ArmCircle
4,251,ArmCircle
4,252,ArmCircle
4,253,ArmCircle
4,254,ArmCircle
4,255,ArmCircle
4,256,ArmCircle
4,257,ArmCircle
4,258,ArmCircle
4,259,ArmCircle
4,260,ArmCircle
4,261,ArmCircle
4,262,ArmCircle
4,263,ArmCircle
4,264,ArmCircle
4,265,ArmCircle
4,266,ArmCircle
4,267,ArmCircle
4,268,ArmCircle
4,269,ArmCircle
4,270,ArmCircle
4,271,ArmCircle
4,272,ArmCircle
4,273,ArmCircle
4,274,ArmCircle
4,275,ArmCircle
4,276,ArmCircle
4,277,ArmCircle
4,278,ArmCircle
4,279,ArmCircle
4,280,ArmCircle
4,281,ArmCircle
4,282,ArmCircle
4,283,ArmCircle
4,284,ArmCircle
4,285,ArmCircle
4,286,ArmCircle
4,287,ArmCircle
4,288,ArmCircle
4,289,ArmCircle
4,290,ArmCircle
4,291,ArmCircle
4,292,ArmCircle
4,293,ArmCircle
4,294,ArmCircle
4,295,ArmCircle
4,296,ArmCircle
4,297,Twist
4,298,Twist
4,299,Twist
4,300,Twist
4,301,Twist
4,302,Twist
4,303,Twist
4,304,Twist
4,305,Twist
4,306,Twist
4,307,Twist
4,308,Twist
4,309,Twist
4,310,Twist
4,311,Twist
4,312,Twist
4,313,Twist
4,314,Twist
4,315,Twist
4,316,Twist
4,317,Twist
4,318,Twist
4,319,Twist
4,320,Twist
4,321,Twist
4,322,Twist
4,323,Twist
4,324,Twist
4,325,Twist
4,326,Twist
4,327,Twist
4,328,Twist
4,329,Twist
4,330,Twist
4,331,Twist
4,332,Twist
4,333,Twist
4,334,Twist
4,335,Twist
4,336,Twist
4,337,Twist
4,338,Twist
4,339,Twist
4,340,Twist
4,341,Twist
4,342,Twist
4,343,Twist
4,344,Twist
4,345,Twist
4,346,Twist
4,347,Twist
4,348,Twist
4,349,Twist
4,350,Twist
4,351,Twist
4,352,Twist
4,353,Twist
4,354,Twist
4,355,Twist
4,356,Twist
4,357,Twist
4,358,Twist
4,359,Twist
4,360,Twist
4,361,Twist
4,362,Twist
4,363,Twist
4,364,Twist
4,365,Twist
4,366,Twist
4,367,Twist
4,368,Twist
4,369,Twist
4,370,Twist
4,371,Twist
4,372,Twist
4,373,Twist
4,374,Twist
4,375,Twist
4,376,Twist
4,377,Twist
4,378,Twist
4,379,Twist
4,380,Twist
4,381,Twist
4,382,Twist
4,383,Twist
4,384,Twist
4,385,Twist
4,386,Twist
5,0,JumpJack
5,1,JumpJack
5,2,JumpJack
5,3,JumpJack
5,4,JumpJack
5,5,JumpJack
5,6,JumpJack
5,7,JumpJack
5,8,JumpJack
5,9,JumpJack
5,10,JumpJack
5,11,JumpJack
5,12,JumpJack
5,13,JumpJack
5,14,JumpJack
5,15,JumpJack
5,16,JumpJack
5,17,JumpJack
5,18,JumpJack
5,19,JumpJack
5,20,JumpJack
5,21,JumpJack
5,22,JumpJack
5,23,JumpJack
5,24,JumpJack
5,25,JumpJack
5,26,JumpJack
5,27,JumpJack
5,28,JumpJack
5,29,JumpJack
5,30,JumpJack
5,31,JumpJack
5,32,JumpJack
5,33,JumpJack
5,34,JumpJack
5,35,Twist
5,36,Twist
5,37,Twist
5,38,Twist
5,39,Twist
5,40,Twist
5,41,Twist
5,42,Twist
5,43,Twist
5,44,Twist
5,45,Twist
5,46,Twist
5,47,Twist
5,48,Twist
5,49,Twist
5,50,Twist
5,51,Twist
5,52,Twist
5,53,Twist
5,54,Twist
5,55,Twist
5,56,Twist
5,57,Twist
5,58,Twist
5,59,Twist
5,60,Twist
5,61,Twist
5,62,Twist
5,63,Twist
5,64,Twist
5,65,Twist
5,66,Twist
5,67,Twist
5,68,Twist
5,69,Twist
5,70,Twist
5,71,KneeRaise
5,72,KneeRaise
5,73,KneeRaise
5,74,KneeRaise
5,75,KneeRaise
5,76,KneeRaise
5,77,KneeRaise
5,78,KneeRaise
5,79,KneeRaise
5,80,KneeRaise
5,81,KneeRaise
5,82,KneeRaise
5,83,KneeRaise
5,84,KneeRaise
5,85,KneeRaise
5,86,KneeRaise
5,87,KneeRaise
5,88,KneeRaise
5,89,KneeRaise
5,90,KneeRaise
5,91,KneeRaise
5,92,KneeRaise
5,93,KneeRaise
5,94,KneeRaise
5,95,KneeRaise
5,96,KneeRaise
5,97,KneeRaise
5,98,KneeRaise
5,99,KneeRaise
5,100,KneeRaise
5,101,KneeRaise
5,102,KneeRaise
5,103,KneeRaise
5,104,KneeRaise
5,105,KneeRaise
5,106,KneeRaise
5,107,KneeRaise
5,108,KneeRaise
5,109,KneeRaise
5,110,KneeRaise
5,111,KneeRaise
5,112,KneeRaise
5,113,KneeRaise
5,114,KneeRaise
5,115,KneeRaise
5,116,KneeRaise
5,117,KneeRaise
5,118,KneeRaise
5,119,KneeRaise
5,120,KneeRaise
5,121,KneeRaise
5,122,KneeRaise
5,123,KneeRaise
5,124,KneeRaise
5,125,KneeRaise
5,126,KneeRaise
5,127,KneeRaise
5,128,KneeRaise
5,129,KneeRaise
5,130,KneeRaise
5,131,KneeRaise
5,132,KneeRaise
5,133,KneeRaise
5,134,KneeRaise
5,135,KneeRaise
5,136,KneeRaise
5,137,KneeRaise
5,138,KneeRaise
5,139,KneeRaise
5,140,KneeRaise
5,141,UpDown
5,142,UpDown
5,143,UpDown
5,144,UpDown
5,145,UpDown
5,146,UpDown
5,147,UpDown
5,148,UpDown
5,149,UpDown
5,150,UpDown
5,151,UpDown
5,152,UpDown
5,153,UpDown
5,154,UpDown
5,155,UpDown
5,156,UpDown
5,157,UpDown
5,158,UpDown
5,159,UpDown
5,160,UpDown
5,161,UpDown
5,162,UpDown
5,163,UpDown
5,164,UpDown
5,165,UpDown
5,166,UpDown
5,167,UpDown
5,168,UpDown
5,169,UpDown
5,170,UpDown
5,171,UpDown
5,172,UpDown
5,173,UpDown
5,174,UpDown
5,175,UpDown
5,176,UpDown
5,177,UpDown
5,178,UpDown
5,179,UpDown
5,180,UpDown
5,181,UpDown
5,182,UpDown
5,183,UpDown
5,184,UpDown
5,185,UpDown
5,186,UpDown
5,187,UpDown
5,188,UpDown
5,189,UpDown
5,190,UpDown
5,191,UpDown
5,192,UpDown
5,193,UpDown
5,194,UpDown
5,195,UpDown
5,196,UpDown
5,197,UpDown
5,198,UpDown
5,199,UpDown
5,200,UpDown
5,201,UpDown
5,202,UpDown
5,203,UpDown
5,204,UpDown
5,205,UpDown
5,206,UpDown
5,207,UpDown
5,208,UpDown
5,209,UpDown
5,210,UpDown
5,211,UpDown
5,212,UpDown
5,213,UpDown
5,214,UpDown
5,215,UpDown
5,216,UpDown
5,217,ToeTouchTwoHands
5,218,ToeTouchTwoHands
5,219,ToeTouchTwoHands
5,220,ToeTouchTwoHands
5,221,ToeTouchTwoHands
5,222,ToeTouchTwoHands
5,223,ToeTouchTwoHands
5,224,ToeTouchTwoHands
5,225,ToeTouchTwoHands
5,226,ToeTouchTwoHands
5,227,ToeTouchTwoHands
5,228,ToeTouchTwoHands
5,229,ToeTouchTwoHands
5,230,ToeTouchTwoHands
5,231,ToeTouchTwoHands
5,232,ToeTouchTwoHands
5,233,ToeTouchTwoHands
5,234,ToeTouchTwoHands
5,235,ToeTouchTwoHands
5,236,ToeTouchTwoHands
5,237,ToeTouchTwoHands
5,238,ToeTouchTwoHands
5,239,ToeTouchTwoHands
5,240,ToeTouchTwoHands
5,241,ToeTouchTwoHands
5,242,ToeTouchTwoHands
5,243,ToeTouchTwoHands
5,244,ToeTouchTwoHands
5,245,ToeTouchTwoHands
5,246,ToeTouchTwoHands
5,247,ToeTouchTwoHands
5,248,ToeTouchTwoHands
5,249,ToeTouchTwoHands
5,250,ToeTouchTwoHands
5,251,ToeTouchTwoHands
5,252,ToeTouchTwoHands
5,253,ToeTouchTwoHands
5,254,ToeTouchTwoHands
5,255,ToeTouchTwoHands
5,256,ToeTouchTwoHands
5,257,ToeTouchTwoHands
5,258,ToeTouchTwoHands
5,259,ToeTouchTwoHands
5,260,ToeTouchTwoHands
5,261,ToeTouchTwoHands
5,262,ToeTouchTwoHands
5,263,ToeTouchTwoHands
5,264,ToeTouchTwoHands
5,265,ToeTouchTwoHands
5,266,ToeTouchTwoHands
5,267,ToeTouchTwoHands
5,268,ToeTouchTwoHands
5,269,ToeTouchTwoHands
5,270,ToeTouchTwoHands
5,271,ToeTouchTwoHands
5,272,ToeTouchTwoHands
5,273,ToeTouchTwoHands
5,274,ToeTouchTwoHands
5,275,ToeTouchTwoHands
5,276,ToeTouchTwoHands
5,277,ToeTouchTwoHands
5,278,ToeTouchTwoHands
5,279,ToeTouchTwoHands
5,280,ToeTouchTwoHands
5,281,ToeTouchTwoHands
5,282,ToeTouchTwoHands
5,283,ToeTouchTwoHands
5,284,ToeTouchTwoHands
5,285,ToeTouchTwoHands
5,286,ToeTouchTwoHands
5,287,ToeTouchTwoHands
5,288,ToeTouchTwoHands
5,289,ToeTouchTwoHands
5,290,ToeTouchTwoHands
5,291,ToeTouchTwoHands
5,292,ToeTouchTwoHands
5,293,ToeTouchTwoHands
5,294,ToeTouchTwoHands
5,295,ToeTouchTwoHands
5,296,ToeTouchTwoHands
5,297,ToeTouchTwoHands
5,298,ToeTouchTwoHands
5,299,ToeTouchTwoHands
5,300,ToeTouchTwoHands
5,301,ToeTouchTwoHands
5,302,ToeTouchTwoHands
5,303,ToeTouchTwoHands
5,304,ToeTouchTwoHands
5,305,ToeTouchTwoHands
5,306,ArmCircle
5,307,ArmCircle
5,308,ArmCircle
5,309,ArmCircle
5,310,ArmCircle
5,311,ArmCircle
5,312,ArmCircle
5,313,ArmCircle
5,314,ArmCircle
5,315,ArmCircle
5,316,ArmCircle
5,317,ArmCircle
5,318,ArmCircle
5,319,ArmCircle
5,320,ArmCircle
5,321,ArmCircle
5,322,ArmCircle
5,323,ArmCircle
5,324,ArmCircle
5,325,ArmCircle
5,326,ArmCircle
5,327,ArmCircle
5,328,ArmCircle
5,329,ArmCircle
5,330,ArmCircle
5,331,ArmCircle
5,332,ArmCircle
5,333,ArmCircle
5,334,ArmCircle
5,335,ArmCircle
5,336,ArmCircle
5,337,ArmCircle
5,338,ArmCircle
5,339,ArmCircle
5,340,ArmCircle
5,341,ArmCircle
5,342,ArmCircle
5,343,ArmCircle
5,344,ArmCircle
5,345,ArmCircle
5,346,ArmCircle
5,347,ArmCircle
5,348,ArmCircle
5,349,ArmCircle
5,350,ArmCircle
5,351,ArmCircle
5,352,ArmCircle
5,353,ArmCircle
5,354,ArmCircle
5,355,ArmCircle
5,356,ArmCircle
5,357,ArmCircle
5,358,ArmCircle
5,359,ArmCircle
5,360,ArmCircle
5,361,ArmCircle
5,362,ArmCircle
5,363,ArmCircle
5,364,ArmCircle
5,365,ArmCircle
5,366,ArmCircle
5,367,ArmCircle
5,368,ArmCircle
5,369,ArmCircle
5,370,ArmCircle
5,371,ArmCircle
5,372,ArmCircle
5,373,ArmCircle
5,374,ArmCircle
5,375,ArmCircle
5,376,ArmCircle
5,377,ArmCircle
5,378,ArmCircle
5,379,ArmCircle
5,380,ArmCircle
5,381,ArmCircle
5,382,ArmCircle
5,383,ArmCircle
5,384,ArmCircle
5,385,ArmCircle
5,386,ArmCircle
